{
  "accuracy": 0.9583333333333334,
  "precision": 0.9616138763197586,
  "recall": 0.9583333333333334,
  "f1_score": 0.9578869047619047
}